time_s,x_m,y_m,z_m
0.17039868100255262,34.860409889418875,-88.921631302515,20.0
0.2204349289968377,35.156545229628506,-88.87364131261259,20.0
0.2556689110060688,35.27485592454673,-88.85357744899213,20.0
0.29806835600174963,35.39308153845922,-88.83301818416055,20.0
0.3352779959968757,35.511219996986846,-88.81196387884947,20.0
0.37548980899737217,35.629269227279444,-88.79041490247637,20.0
0.41551459900802,35.74722715805267,-88.76837163313826,20.0
0.45543777200509794,35.86509171962396,-88.745834457605,20.0
0.495631300000241,35.982860843949034,-88.72280377131244,20.0
0.5353395580023061,36.100532464658265,-88.6992799783556,20.0
0.5754873289988609,36.21810451709262,-88.67526349148143,20.0
0.6935095040098531,36.276852560477586,-88.66307061917281,20.0
0.7938939760060748,36.33557493834029,-88.65075473208175,20.0
0.8324549509998178,36.9680712590768,-88.50991969602049,20.0
0.8716536510037258,37.084842512444084,-88.48227094302064,20.0
0.9115211430034833,37.2014969268937,-88.45413330373053,20.0
0.9554960649984423,37.31803245561461,-88.42550727185143,20.0
0.9956428680015961,37.43444705388166,-88.39639334965385,20.0
1.0359567679988686,37.55073867909161,-88.36679204796894,20.0
1.0753827370062936,37.66690529079879,-88.33670388617922,20.0
1.115316987998085,37.782944850751036,-88.30612939220975,20.0
1.1554661340051098,37.89885532292555,-88.2750691025187,20.0
1.1957679190090857,38.014634673564316,-88.24352356208793,20.0
1.2362705590057885,38.130280871210125,-88.21149332441357,20.0
1.275364522007294,38.245791886741934,-88.17897895149615,20.0
1.3160112150071654,38.36116569341073,-88.14598101383083,20.0
1.3521590340096736,38.464883132666046,-88.11586990042426,20.0
1.3916886770020938,38.57999066745219,-88.08195479183154,20.0
1.4316181239992147,38.69495512954437,-88.04755782087081,20.0
1.4713219050026964,38.809774501783174,-88.01267959106916,20.0
1.511268796006334,38.92444676955505,-87.97732071439782,20.0
1.5519893800083082,39.038969920827604,-87.94148181126151,20.0
1.5918606760096736,39.15334194618466,-87.90516351048734,20.0
1.6313805530080572,39.26756083886191,-87.86836644931394,20.0
1.671543347008992,39.38162459478164,-87.83109127338028,20.0
1.7113713220023783,39.495531212588425,-87.7933386367143,20.0
1.752707535008085,39.6092786936837,-87.75510920172138,20.0
1.7915473360044416,39.722865042261375,-87.71640363917277,20.0
1.831396567999036,39.83628826534239,-87.67722262819395,20.0
1.8714374990086071,39.949546372809905,-87.63756685625242,20.0
1.9116211979999207,40.0626373774443,-87.59743701914587,20.0
1.951373132003937,40.17555929495778,-87.55683382099001,20.0
1.9916197630082024,40.28831014402946,-87.51575797420598,20.0
2.031560137998895,40.40088794633991,-87.47421019950798,20.0
2.071376648003934,40.51329072660609,-87.43219122589075,20.0
2.11197481599811,40.62551651261575,-87.3897017906166,20.0
2.1517074319999665,40.7375633352623,-87.34674263920245,20.0
2.191657720002695,40.84942922857913,-87.30331452540693,20.0
2.2315055360086262,40.96111222977424,-87.25941821121704,20.0
2.2711775630014017,41.07261037926468,-87.2150544668347,20.0
2.311432825998054,41.1839217207108,-87.17022407066348,20.0
2.351773268004763,41.295044301050794,-87.1249278092947,20.0
2.3914746880036546,41.40597617053474,-87.07916647749371,20.0
2.4315082260000054,41.51671538275904,-87.03294087818603,20.0
2.4721524580090772,41.62725999470034,-86.98625182244311,20.0
2.5119992770050885,41.73760806674967,-86.93910012946824,20.0
2.5524407220073044,41.84775766274676,-86.8914866265821,20.0
2.591458409006009,41.95770685001355,-86.8434121492082,20.0
2.631364360000589,42.06745369938858,-86.79487754085837,20.0
2.6714174750086386,42.176996285260316,-86.74588365311783,20.0
2.711481527003343,42.28633268560149,-86.69643134563024,20.0
2.7514980060077505,42.39546098200234,-86.64652148608276,20.0
2.7916822400002275,42.504379259704635,-86.59615495019067,20.0
2.8312484990019584,42.61308560763507,-86.54533262168202,20.0
2.8717458760074805,42.72157811843875,-86.49405539228228,20.0
2.9117191410041414,42.82985488851292,-86.44232416169844,20.0
2.951590095006395,42.937914018040054,-86.39013983760357,20.0
2.991292627004441,43.045753611021446,-86.33750333562045,20.0
3.031195010000374,43.15337177531026,-86.28441557930596,20.0
3.071613667998463,43.26076662264497,-86.23087750013453,20.0
3.111320746000274,43.36793626868216,-86.17689003748194,20.0
3.1512480140081607,43.47487883303,-86.12245413860887,20.0
3.191769179000403,43.58159243928087,-86.06757075864422,20.0
3.231333222007379,43.68807521504445,-86.01224086056834,20.0
3.271639322003466,43.794325291980634,-85.9564654151962,20.0
3.311638604005566,43.90034080583216,-85.90024540116023,20.0
3.3513119139970513,44.00611989645748,-85.84358180489338,20.0
3.391593071995885,44.11166070786317,-85.78647562061154,20.0
3.431278055999428,44.21696138823678,-85.72892785029622,20.0
3.472189314008574,44.322020089979134,-85.67093950367706,20.0
3.513468610995915,44.42683496973677,-85.61251159821404,20.0
3.5513262309978018,44.53140418843437,-85.55364515907945,20.0
3.589288764007506,44.61488145432146,-85.50623695735676,20.0
3.628868682004395,44.71900386242022,-85.44658376559708,20.0
3.66887249800493,44.82287548308177,-85.38649495152528,20.0
3.7087657680094708,44.92649449378107,-85.32597156945594,20.0
3.745854936001706,45.019534119146954,-85.27112984749142,20.0
3.78496100200573,45.122668165761574,-85.20978371815707,20.0
3.825104495001142,45.225544342270176,-85.14800612138947,20.0
3.8647370190010406,45.32816084361377,-85.08579814113453,20.0
3.9057547389966203,45.43051586928974,-85.02316086888956,20.0
3.9448826629959513,45.532607623383015,-84.96009540368432,20.0
3.9850571010028943,45.63443431459816,-84.8966028520614,20.0
4.024987621000037,45.73599415629029,-84.83268432805723,20.0
4.064698108006269,45.83728536649686,-84.76834095318226,20.0
4.105168998008594,45.938306167968534,-84.70357385640132,20.0
4.1451907440059585,46.03905478820061,-84.6383841741139,20.0
4.1848622640100075,46.13952945946413,-84.57277305013402,20.0
4.224862472998211,46.23972841883666,-84.50674163567042,20.0
4.264979526997195,46.339649908233625,-84.44029108930623,20.0
4.306384198003798,46.43929217443871,-84.37342257697851,20.0
4.345199746006983,46.53865346913498,-84.30613727195808,20.0
4.384765720998985,46.63773204893527,-84.23843635482869,20.0
4.4248064130079,46.7365261754131,-84.17032101346642,20.0
4.464836675004335,46.83503411513278,-84.10179244301881,20.0
4.50204139300331,46.913633250778844,-84.0466728694877,20.0
4.53841694300354,47.00183592427142,-83.98434891947625,20.0
4.578068692004308,47.099562540629286,-83.91471065692866,20.0
4.617693673004396,47.19699660041561,-83.84466365021912,20.0
4.657817264000187,47.29413639405837,-83.77420912838807,20.0
4.699007607996464,47.39098021714887,-83.70334832762612,20.0
4.737995917006629,47.48752637047143,-83.63208249125245,20.0
4.778044229999068,47.58377316003316,-83.56041286969307,20.0
4.817778705008095,47.67971889709398,-83.48834072045862,20.0
4.85768832800386,47.77536189819589,-83.41586730812264,20.0
4.897604441997828,47.87070048519281,-83.34299390429904,20.0
4.937595825002063,47.96573298527977,-83.26972178761999,20.0
4.977855941004236,48.0604577310225,-83.19605224371352,20.0
5.01810614799615,48.15487306038647,-83.1219865651809,20.0
5.0575744030065835,48.24897731676623,-83.04752605157388,20.0
5.09816865400353,48.34276884901433,-82.97267200937196,20.0
5.1377463530079694,48.43624601147037,-82.8974257519596,20.0
5.177485014006379,48.5294071639899,-82.82178859960283,20.0
5.217502465995494,48.62225067197313,-82.7457618794265,20.0
5.257627362996573,48.714774906393686,-82.66934692539066,20.0
5.297968863000278,48.80697824382706,-82.59254507826736,20.0
5.3380984170071315,48.89885906647927,-82.51535768561698,20.0
5.3778167980053695,48.990415762215086,-82.43778610176479,20.0
5.418362178999814,49.08164672458651,-82.35983168777685,20.0
5.458857423000154,49.1725503528607,-82.28149581143657,20.0
5.497906935008359,49.26312505204821,-82.20277984722031,20.0
5.537732771001174,49.3533692329311,-82.12368517627347,20.0
5.577726286006509,49.44328131209051,-82.04421318638629,20.0
5.617725447009434,49.53285971193479,-81.96436527196926,20.0
5.657739672999014,49.62210286072683,-81.88414283402895,20.0
5.697816444007913,49.71100919261196,-81.80354728014325,20.0
5.738085510005476,49.79957714764519,-81.72258002443672,20.0
5.7775314199971035,49.88780517181864,-81.64124248755583,20.0
5.81771194099565,49.97569171708898,-81.5595360966439,20.0
5.857870610008831,50.06323524140431,-81.47746228531621,20.0
5.897761845000787,50.15043420873145,-81.39502249363468,20.0
5.9375940230092965,50.2372870890827,-81.31221816808284,20.0
5.977964079997037,50.32379235854287,-81.22905076154014,20.0
6.017575325007783,50.40994849929585,-81.14552173325681,20.0
6.057992273999844,50.49575399965139,-81.06163254882793,20.0
6.097608084004605,50.58120735407153,-80.97738468016792,20.0
6.137622513997485,50.66630706319698,-80.89277960548462,20.0
6.177643736009486,50.751051633873615,-80.80781880925339,20.0
6.2182073410076555,50.83543957917844,-80.72250378219113,20.0
6.258345940004801,50.919469418445836,-80.6368360212299,20.0
6.297409997001523,51.00313967729344,-80.55081702949101,20.0
6.3376313030021265,51.086448887648146,-80.46444831625824,20.0
6.377662996004801,51.16939558777168,-80.37773139695176,20.0
6.418303774000378,51.251978322286504,-80.29066779310104,20.0
6.458297517005121,51.334195642201024,-80.20325903231883,20.0
6.497643308000988,51.41604610493524,-80.11550664827374,20.0
6.537577227005386,51.49752827434613,-80.02741218066365,20.0
6.57757205600501,51.57864072075251,-79.93897717518857,20.0
6.6175208229979035,51.659382020960564,-79.85020318352362,20.0
6.657846305010025,51.73975075828836,-79.76109176329179,20.0
6.697628750000149,51.81974552259111,-79.67164447803641,20.0
6.737717680996866,51.899364910285655,-79.58186289719403,20.0
6.777881739995792,51.97860752437511,-79.49174859606669,20.0
6.8177539610042,52.05747197447359,-79.40130315579424,20.0
6.858013072007452,52.13595687683029,-79.31052816332681,20.0
6.897570512999664,52.214060854354045,-79.21942521139673,20.0
6.937472614998114,52.29178253663731,-79.12799589849072,20.0
6.97801528700802,52.36912055998034,-79.03624182882183,20.0
7.017739161005011,52.4460735674149,-78.94416461230122,20.0
7.058358298003441,52.52264020872841,-78.85176586451003,20.0
7.0975069100095425,52.59881914048732,-78.75904720667091,20.0
7.137504783997429,52.67460902606075,-78.6660102656197,20.0
7.17801952699665,52.75000853564422,-78.5726566737767,20.0
7.21746722899843,52.82501634628253,-78.47898806911832,20.0
7.2578905950067565,52.89963114189337,-78.38500609514794,20.0
7.297997700996348,52.97385161329015,-78.29071240086758,20.0
7.338391138997395,53.047676458205146,-78.19610864074835,20.0
7.3782398979965365,53.12110438131213,-78.10119647470208,20.0
7.41768494900316,53.19413409424942,-78.00597756805165,20.0
7.457510317006381,53.26676431564224,-77.91045359150206,20.0
7.497588430996984,53.33899377112514,-77.81462622111111,20.0
7.537866947997827,53.41082119336469,-77.71849713825983,20.0
7.578010548997554,53.48224532208137,-77.62206802962315,20.0
7.617775122998864,53.553264904071895,-77.52534058714014,20.0
7.657573175005382,53.62387869323106,-77.42831650798458,20.0
7.697618051999598,53.694085450573766,-77.3309974945348,20.0
7.737832258004346,53.763883944256605,-77.23338525434423,20.0
7.777980118000414,53.833272949599504,-77.13548150011117,20.0
7.817674245001399,53.902251249107366,-77.03728794964877,20.0
7.8575411700003315,53.9708176324912,-76.93880632585496,20.0
7.897690179001074,54.03897089668954,-76.84003835668214,20.0
7.938174341004924,54.1067098458894,-76.74098577510702,20.0
7.9784294639976,54.17403329154752,-76.64165031909992,20.0
8.017796305008233,54.24094005241074,-76.5420337315947,20.0
8.05765784200048,54.30742895453739,-76.4421377604577,20.0
8.097629170995788,54.3734988313172,-76.3419641584574,20.0
8.137665551999817,54.43914852349226,-76.24151468323367,20.0
8.178589326998917,54.504376879177165,-76.14079109726667,20.0
8.217627885009279,54.56918275387925,-76.03979516784624,20.0
8.257553987001302,54.63356501051868,-75.93852866704059,20.0
8.298698330007028,54.697522519448356,-75.83699337166547,20.0
8.337507154996274,54.76105415847387,-75.73519106325284,20.0
8.377578533996711,54.824158812873,-75.6331235280197,20.0
8.41762902100163,54.886835375415394,-75.53079255683659,20.0
8.457915546998265,54.94908274638207,-75.42819994519637,20.0
8.498003225002321,55.010899833584375,-75.32534749318272,20.0
8.537550103006652,55.072285552383725,-75.22223700543829,20.0
8.577508029004093,55.133238825709995,-75.11887029113323,20.0
8.617505265006912,55.19375858408091,-75.01524916393355,20.0
8.65776504999667,55.25384376562053,-74.91137544196908,20.0
8.698262849997263,55.313493316078045,-74.80725094780163,20.0
8.737461217009695,55.37270618884608,-74.70287750839309,20.0
8.777507949998835,55.43148134497932,-74.59825695507342,20.0
8.817527806997532,55.48981775321255,-74.49339112350823,20.0
8.853589125996223,55.54194454503039,-74.39880368284598,20.0
8.894829850003589,55.59944451870359,-74.29347689526082,20.0
8.934433486996568,55.656502797405295,-74.18791017708223,20.0
8.973816676007118,55.71311837999454,-74.08210538057713,20.0
9.014049371995497,55.76929027309791,-73.97606436218999,20.0
9.053785829004482,55.82501749112684,-73.86978898250973,20.0
9.094552259004558,55.88029905629497,-73.76328110623774,20.0
9.133575276006013,55.935133998635465,-73.65654260215454,20.0
9.17358869999589,55.98952135601787,-73.54957534308723,20.0
9.214266476003104,56.043460174164885,-73.44238120587673,20.0
9.253735160003998,56.09694950666944,-73.33496207134463,20.0
9.293691626997315,56.14998841501103,-73.22731982426043,20.0
9.333549105009297,56.20257596857232,-73.1194563533082,20.0
9.373500910005532,56.25471124465527,-73.01137355105385,20.0
9.413986619008938,56.306393328497634,-72.90307331391138,20.0
9.454473824996967,56.35762131328878,-72.79455754211006,20.0
9.494121657000505,56.40839430018571,-72.68582813966076,20.0
9.533942544003366,56.458711398328674,-72.57688701432293,20.0
9.57382870100264,56.50857172485707,-72.46773607757073,20.0
9.61841822900169,56.56288946893405,-72.34743000080678,20.0
9.65850048600987,56.61178773703155,-72.23784469826819,20.0
9.698251541005448,56.66022654764653,-72.12805553313063,20.0
9.73747688900039,56.70820505087471,-72.01806443174782,20.0
9.78528436399938,56.75572240488818,-71.90787332401692,20.0
9.821153598008095,56.79809305167111,-71.8085319195198,20.0
9.861584696001955,56.8447319319318,-71.69796612913488,20.0
9.90164302600897,56.890907267485694,-71.58720594882668,20.0
9.941194218001328,56.93661824814312,-71.47625332198649,20.0
9.981996905000415,56.98186407186216,-71.3651101953822,20.0
10.021974753995892,57.02664394476239,-71.2537785191241,20.0
10.06152315500367,57.070957081138964,-71.14226024663078,20.0
10.101100721003604,57.11480270347628,-71.03055733459507,20.0
10.141450705006719,57.15818004246187,-70.91867174294926,20.0
10.181069184007356,57.2010883369996,-70.80660543483087,20.0
10.222195153008215,57.24352683422319,-70.69436037654857,20.0
10.261348643005476,57.28549478950942,-70.58193853754697,20.0
10.30110384800355,57.32699146649119,-70.46934189037277,20.0
10.341126764004002,57.36801613707038,-70.3565724106396,20.0
10.381682000006549,57.40856808143063,-70.2436320769939,20.0
10.421705619010027,57.4486465880501,-70.13052287107962,20.0
10.46120480800164,57.48825095371376,-70.01724677750386,20.0
10.501064131007297,57.52738048352598,-69.90380578380187,20.0
10.541136056999676,57.56603449092234,-69.79020188040239,20.0
10.58101839000301,57.604212297682096,-69.67643706059233,20.0
10.621074609007337,57.641913233939846,-69.5625133204821,20.0
10.661216897002305,57.67913663819725,-69.44843265897063,20.0
10.701423842998338,57.715881857334814,-69.33419707771012,20.0
10.742982755007688,57.75214824662322,-69.2198085810709,20.0
10.781157849996816,57.78793516973467,-69.1052691761063,20.0
10.821769611997297,57.82324199875399,-68.99058087251784,20.0
10.861272341004224,57.858068114189784,-68.87574568261921,20.0
10.90106497099623,57.892412904985235,-68.7607656213014,20.0
10.941845467998064,57.92627576852871,-68.64564270599766,20.0
10.981947441003285,57.95965611066452,-68.53037895664731,20.0
11.021230687008938,57.992553345703335,-68.41497639566096,20.0
11.061176453004009,58.0249668964323,-68.29943704788467,20.0
11.10103577299742,58.05689619412521,-68.18376294056485,20.0
11.141747362999013,58.08834067855264,-68.06795610331208,20.0
11.18186479000724,58.11929979799162,-67.95201856806577,20.0
11.221724565009936,58.14977300923536,-67.83595236905894,20.0
11.261840859006043,58.17975977760279,-67.71975954278179,20.0
11.30102112700115,58.20925957694795,-67.60344212794635,20.0
11.341609769006027,58.23827188966921,-67.4870021654507,20.0
11.381576847998076,58.26679620671831,-67.37044169834334,20.0
11.421041117995628,58.29483202760936,-67.2537627717869,20.0
11.461392716009868,58.322378860427634,-67.13696743302252,20.0
11.501580227006343,58.34943622183811,-67.02005773133389,20.0
11.54174412600696,58.37600363709395,-66.9030357180115,20.0
11.581334272996173,58.402080640045014,-66.78590344631624,20.0
11.621011652998277,58.4276667731458,-66.66866297144355,20.0
11.661888743998134,58.45276158746358,-66.55131635048772,20.0
11.701528892008355,58.47736464268637,-66.43386564240508,20.0
11.74148497999704,58.50147550713042,-66.3163129079785,20.0
11.779062542002066,58.52275411218681,-66.21042991915063,20.0
11.81727491899801,58.54592865579845,-66.09268901850938,20.0
11.857108794996748,58.568609805611494,-65.97485207778807,20.0
11.897097414999735,58.5907971636639,-65.85692116454621,20.0
11.937243337000837,58.61249034065765,-65.73889834799219,20.0
11.97774668400234,58.6336889559656,-65.62078569894719,20.0
12.017362918995786,58.65439263763819,-65.5025852898083,20.0
12.057210137005313,58.6746010224099,-65.38429919451255,20.0
12.09733356400102,58.69431375570571,-65.26592948850028,20.0
12.137364278998575,58.71353049164716,-65.14747824867912,20.0
12.178474122003536,58.73225089305864,-65.02894755338716,20.0
12.217407479009125,58.75047463147314,-64.91033948235658,20.0
12.257215860008728,58.7682013871381,-64.79165611667706,20.0
12.297466866002651,58.78543084902094,-64.6728995387598,20.0
12.337697274997481,58.802162714814614,-64.55407183230011,20.0
12.378547906002495,58.81839669094282,-64.43517508224154,20.0
12.417153390997555,58.83413249256526,-64.31621137473921,20.0
12.457140907004941,58.849369843582515,-64.19718279712282,20.0
12.497284748009406,58.86410847664099,-64.07809143786041,20.0
12.537707251001848,58.87834813313753,-63.95893938652143,20.0
12.577348713995889,58.892088563224036,-63.83972873374056,20.0
12.617316181000206,58.90532952581174,-63.7204615711804,20.0
12.65744069199718,58.918070788575584,-63.60113999149506,20.0
12.697333260002779,58.930312127958125,-63.481766088293725,20.0
12.737079673999688,58.94205332917357,-63.36234195610337,20.0
12.777225352008827,58.95329418621157,-63.24286969033238,20.0
12.817005655000685,58.964034501840764,-63.123351387233605,20.0
12.857684154005256,58.974274087612194,-63.003789143867934,20.0
12.897464388006483,58.98401276386276,-62.88418505806696,20.0
12.937050553999143,58.993250359718225,-62.76454122839643,20.0
12.97733025799971,59.001986713096336,-62.6448597541197,20.0
13.017268840005272,59.010221670709576,-62.52514273516036,20.0
13.05705981500796,59.01795508806787,-62.40539227206578,20.0
13.097653019009158,59.025186844889504,-62.285610466871184,20.0
13.13695296899823,59.03192128238793,-62.1657996684632,20.0
13.177108069008682,59.03817263674624,-62.04596268806843,20.0
13.217167588998564,59.04395604893185,-61.926102208318184,20.0
13.257469218006008,59.049286195144084,-61.80622071227825,20.0
13.297571475006407,59.054177300055436,-61.686320496826156,20.0
13.337063640996348,59.05864314978033,-61.56640368517391,20.0
13.377164532008464,59.06269710456524,-61.446472238590225,20.0
13.417141074009123,59.06635211119682,-61.32652796737149,20.0
13.457432600000175,59.06962071512483,-61.20657254110679,20.0
13.49798279600509,59.07251507229854,-61.08660749828271,20.0
13.537096227999427,59.07504696071625,-60.96663425526779,20.0
13.577128820004873,59.077227791688,-60.84665411471621,20.0
13.61319574600202,59.07889953007607,-60.73866708204659,20.0
13.653297154000029,59.08030369162177,-60.630676237043694,20.0
13.69326679900405,59.08155928289889,-60.510682840311475,20.0
13.733847395997145,59.08250402558676,-60.39068659144874,20.0
13.773441286000889,59.08314771874179,-60.27068834805171,20.0
13.81347793500754,59.08349985451208,-60.15068889301457,20.0
13.853262318996713,59.08356962751699,-60.03068893983867,20.0
13.893932228005724,59.08336594396461,-59.910689137592954,20.0
13.934767975006253,59.08289743051231,-59.79069007554636,20.0
13.97348004100786,59.082172442874715,-59.67069228749283,20.0
14.013349991000723,59.08119907418484,-59.55069625578965,20.0
14.053382908008643,59.07998516311305,-59.43070241512653,20.0
14.09340517599776,59.07853830174978,-59.310711156043276,20.0
14.13329448600416,59.0768658432569,-59.190722828210944,20.0
14.173320989008062,59.074974909293175,-59.070737743493396,20.0
14.2134238419967,59.07287239721993,-58.950756178802344,20.0
14.253778430997045,59.070564987091245,-58.830778378758566,20.0
14.293756398998084,59.06805914843513,-58.71080455817339,20.0
14.33565456600627,59.06536114683047,-58.59083490436077,20.0
14.373475997999776,59.0624770502853,-58.47086957929164,20.0
14.41388220799854,59.05941273542165,-58.350908721599986,20.0
14.45439579700178,59.05617389347222,-58.23095244845117,20.0
14.490700545007712,59.053114274062914,-58.12299580331358,20.0
14.5270716130035,59.049921651731964,-58.01504300924582,20.0
14.56548930000281,59.046222904231286,-57.89510003432882,20.0
14.60560575700947,59.04236966590805,-57.77516192259708,20.0
14.645797368997592,59.03836681597358,-57.655228710340175,20.0
14.685369190003257,59.0342190795776,-57.5353004209176,20.0
14.72575373899599,59.02993103265713,-57.41537706589918,20.0
14.765346943007899,59.02550710663498,-57.2954586461231,20.0
14.805274073005421,59.020951592972246,-57.17554515267881,20.0
14.84542777700699,59.0162686475791,-57.05563656781842,20.0
14.885873307008296,59.01146229508813,-56.935732865802336,20.0
14.925806287996238,59.00653643299419,-56.81583401368223,20.0
14.965431019998505,59.001494835665135,-56.695939972026984,20.0
15.00528050599678,58.996341158226784,-56.57605069559453,20.0
15.045830443006707,58.99107894032637,-56.45616613395374,20.0
15.085863172003883,58.985711609778015,-56.336286232058654,20.0
15.125468209997052,58.98024248609381,-56.21641093077999,20.0
15.165535680003813,58.9746747839039,-56.096540167395716,20.0
15.205525500001386,58.969018391815894,-55.97667355476758,20.0
15.246223886002554,58.96333418071372,-55.856808256541576,20.0
15.286236448999261,58.95770575271672,-55.73694032921732,20.0
15.325488558009965,58.95221679602995,-55.6170659423483,20.0
15.366467790998286,58.946951012079815,-55.497181557609885,20.0
15.405441295006312,58.94199212226855,-55.37728410413178,20.0
15.446139072999358,58.9374238730972,-55.25737115389659,20.0
15.485475499008317,58.93332593738466,-55.13744123150399,20.0
15.525322786998004,58.92972989470543,-55.017495211843276,20.0
15.566332041009446,58.92663631081714,-54.897535181440844,20.0
15.605842267003027,58.924045239999664,-54.77756324510815,20.0
15.64248574100202,58.92214296269662,-54.669580062633614,20.0
15.681472284995834,58.920506784675624,-54.54959130450649,20.0
15.72132384699944,58.919373227273695,-54.42959674545062,20.0
15.761901015008334,58.91874231038016,-54.309598490882905,20.0
15.801449813996442,58.91861404506509,-54.189598646285454,20.0
15.841686112005846,58.918988433578974,-54.06959931716798,20.0
15.881368307003868,58.91986546935283,-53.94960260903116,20.0
15.92133001399634,58.92124513699824,-53.829610627329934,20.0
15.962756485998398,58.92312741230764,-53.70962547743603,20.0
16.0018729440053,58.92551226225476,-53.58964926460143,20.0
16.04138134200184,58.92839964499517,-53.4696840939212,20.0
16.08151067700237,58.931789509866995,-53.34973207029695,20.0
16.121972073000506,58.93568179739192,-53.22979529839932,20.0
16.161717562004924,58.94007643927609,-53.10987588263135,20.0
16.2017287290073,58.94497335841143,-52.98997592709181,20.0
16.241983195999637,58.950372468876836,-52.87009753553778,20.0
16.281668194002123,58.95627367593988,-52.75024281134803,20.0
16.321522623999044,58.96267687605837,-52.63041385748602,20.0
16.36157410799933,58.96958195688214,-52.510612776463255,20.0
16.40169203899859,58.97698879725505,-52.390841670302,20.0
16.44181280900375,58.98489726721719,-52.271102640498526,20.0
16.481494143998134,58.99330722800701,-52.15139778798655,20.0
16.522277576004853,59.002218532063864,-52.031729213099865,20.0
16.56133334399783,59.01163102303057,-51.912099015535844,20.0
16.60203538100177,59.02154453575612,-51.792509294318435,20.0
16.641543831006857,59.031958896298676,-51.67296214776155,20.0
16.681331070009037,59.0428739219285,-51.55345967343194,20.0
16.721666580997407,59.0542894211312,-51.43400396811257,20.0
16.76187813800061,59.066205193611204,-51.31459712776565,20.0
16.801538665007683,59.07862103029506,-51.19524124749643,20.0
16.8413109890098,59.091536713335316,-51.075938421515644,20.0
16.882647570004337,59.104952016114154,-50.956690743103124,20.0
16.921821759999148,59.11886670324751,-50.83750030457142,20.0
16.961601467002765,59.13328053058919,-50.71836919722844,20.0
17.001911033003125,59.14819324523504,-50.599299511341165,20.0
17.0412865140097,59.163604585527516,-50.48029333609882,20.0
17.08141373700346,59.179514281060186,-50.36135275957651,20.0
17.121551406002254,59.195922052682526,-50.24247986869809,20.0
17.162028161008493,59.21282761250484,-50.123676749199845,20.0
17.2022525180073,59.230230663903164,-50.00494548559405,20.0
17.241615364007885,59.248130901524675,-49.88628816113199,20.0
17.281334572995547,59.26652801129293,-49.76770685776769,20.0
17.32166355699883,59.285421670413356,-49.64920365612121,20.0
17.361429647004115,59.304811547378996,-49.530780635442554,20.0
17.401319972006604,59.324697301976286,-49.412439873574556,20.0
17.441360351003823,59.34507858529099,-49.29418344691679,20.0
17.481868146001943,59.365955039714414,-49.17601343038928,20.0
17.521749239007477,59.38732629894957,-49.05793189739575,20.0
17.561733084003208,59.40919198801767,-48.939940919787375,20.0
17.60200597300718,59.43155172326474,-48.82204256782644,20.0
17.641490277004777,59.454405112368185,-48.70423891015023,20.0
17.68121015300858,59.477751754343885,-48.58653201373436,20.0
17.721834562005824,59.50159123955315,-48.468923943856666,20.0
17.761287105007796,59.52592314970983,-48.351416764060914,20.0
17.801364936007303,59.550747057887776,-48.23401253612094,20.0
17.841669358007493,59.57606252852819,-48.116713320003974,20.0
17.88194678700529,59.60186911744743,-47.99952117383464,20.0
17.922266966008465,59.6281663718447,-47.882438153859205,20.0
17.96165204900899,59.65495383030999,-47.76546631440896,20.0
18.0015843900037,59.68223102283223,-47.64860770786454,20.0
18.041522956002154,59.70999747080752,-47.53186438461966,20.0
18.081913863003138,59.738252687047435,-47.41523839304558,20.0
18.1221130299964,59.766996175787774,-47.29873177945461,20.0
18.16164337900409,59.79622743269706,-47.18234658806446,20.0
18.20146096900862,59.82594594488549,-47.066084860962604,20.0
18.241446025000187,59.85615119091384,-46.94994863806996,20.0
18.281651288998546,59.88684264080278,-46.83393995710549,20.0
18.321653595005046,59.918019608121206,-46.71806081348636,20.0
18.36153237200051,59.949675104983285,-46.60231147296368,20.0
18.40124300599564,59.98179407518713,-46.48668987771243,20.0
18.442062172005535,60.01436140802276,-46.371193767328194,20.0
18.481643418999738,60.04736249348801,-46.25582084106163,20.0
18.521687304004445,60.08078320559671,-46.14056876616542,20.0
18.561843823001254,60.114609886213614,-46.02543518552933,20.0
18.601560625000275,60.14882932940489,-45.91041772465264,20.0
18.641838823008584,60.18342876629186,-45.795513998002775,20.0
18.68153054700815,60.2183958503964,-45.68072161480347,20.0
18.721419363006135,60.25371864346452,-45.566038184295,20.0
18.761257202000706,60.28938560175656,-45.45146132050452,20.0
18.80180985899642,60.32538556279015,-45.336988646563015,20.0
18.841713640998933,60.36170773252453,-45.22261779860148,20.0
18.881541837006807,60.39834167297221,-45.10834642925917,20.0
18.921752509006183,60.43527729022616,-44.994172210832275,20.0
18.961393748002592,60.47250482289005,-44.88009283808968,20.0
19.001609337996342,60.51001483089856,-44.766106030782396,20.0
19.041863127000397,60.54779818471652,-44.65220953586926,20.0
19.081411532999482,60.58584605490401,-44.538401129481585,20.0
19.12154966100934,60.62414990203655,-44.42467861864613,20.0
19.161425544007216,60.662701466968414,-44.31103984278673,20.0
19.201774107001256,60.701492761427815,-44.197482675021604,20.0
19.242575387004763,60.74051605893353,-44.08400502327216,20.0
19.281706914000097,60.77976388602163,-43.97060483119997,20.0
19.321708930001478,60.819229013772365,-43.857280078984836,20.0
19.361641766008688,60.85890444962709,-43.74402878395831,20.0
19.401890295004705,60.89878342948525,-43.63084900110343,20.0
19.443089670996414,60.938859410071814,-43.51773882343346,20.0
19.481388330008485,60.979126061566156,-43.40469638225998,20.0
19.52141352300532,61.01957726048335,-43.291719847358735,20.0
19.562143607996404,61.06020708279887,-43.17880742704448,20.0
19.60151371000393,61.10100979730889,-43.06595736816141,20.0
19.64129004300048,61.141979859217095,-42.95316795599839,20.0
19.681454707009834,61.18311190394141,-42.840437514134614,20.0
19.721671965002315,61.22440074113167,-42.7277644042242,20.0
19.7616938160063,61.26584134889176,-42.61514702572445,20.0
19.801596424003947,61.30742886819874,-42.502583815574674,20.0
19.841669019006076,61.349158597512194,-42.39007324782938,20.0
19.881706244006637,61.39102598756713,-42.277613833252325,20.0
19.922026587009896,61.43302663634376,-42.16520411887524,20.0
19.961705544003053,61.47515628420853,-42.052842687524794,20.0
20.00135777700052,61.517410809219804,-41.94052815732273,20.0
20.03825024800608,61.555543352279344,-41.83948406652904,20.0
20.077610627005924,61.59802426128803,-41.727254965529056,20.0
20.11742672600667,61.64061883124189,-41.615068952898085,20.0
20.157577901001787,61.68332343526056,-41.50292477922642,20.0
20.19771757700073,61.72613456335256,-41.39082122766296,20.0
20.23766086199612,61.769048818582995,-41.278757113317106,20.0
20.27805950700713,61.8120629133708,-41.16673128265223,20.0
20.317465497995727,61.855173665910115,-41.05474261287361,20.0
20.357465385997784,61.898377996711865,-40.9427900113117,20.0
20.397419257002184,61.941672925261436,-40.83087241480311,20.0
20.43733996800438,61.98505556678842,-40.71898878906945,20.0
20.478090648000943,62.0285231291443,-40.60713812809736,20.0
20.518015861001913,62.07207290978464,-40.4953194535192,20.0
20.557400493999012,62.11570229285169,-40.3835318139967,20.0
20.597288218006724,62.159408746354856,-40.271774284607346,20.0
20.638499749999028,62.203189819444404,-40.160045966235764,20.0
20.67778066699975,62.24704313977615,-40.04834598497019,20.0
20.717562898003962,62.290966410963875,-39.93667349150429,20.0
20.75771702300699,62.33495741011584,-39.82502766054604,20.0
20.797566584005835,62.3790139854533,-39.71340769023349,20.0
20.83746337800403,62.423134054007654,-39.60181280155828,20.0
20.87902134199976,62.4673155993938,-39.490242237796686,20.0
20.917563024995616,62.511556669657125,-39.37869526394957,20.0
20.9576026690047,62.55585537519126,-39.26717116619123,20.0
20.99819443799788,62.600209886724784,-39.15566925132647,20.0
21.037724244000856,62.644618433373964,-39.0441888462578,20.0
21.077911875996506,62.68907930075965,-38.932729297461485,20.0
21.117564522006433,62.73359082918592,-38.821289970473906,20.0
21.157426599005703,62.77815141187858,-38.70987024938676,20.0
21.1973899279983,62.82275949328149,-38.598469536352866,20.0
21.237727547995746,62.8674135674084,-38.48708725110184,20.0
21.277596532003372,62.91211217624898,-38.37572283046505,20.0
21.317509444008465,62.95685390822696,-38.26437572791145,20.0
21.3574679250014,63.0016373967084,-38.15304541309271,20.0
21.39815386700502,63.04646131855869,-38.041731371398996,20.0
21.437653297005454,63.091324392746856,-37.930433103523704,20.0
21.47743318299763,63.13622537899498,-37.819150125038966,20.0
21.51759910999681,63.18116307647171,-37.70788196598036,20.0
21.557468861996313,63.22613632252819,-37.59662817044197,20.0
21.59787481901003,63.27114399147528,-37.48538829618008,20.0
21.637705817003734,63.316184993400086,-37.374161914227244,20.0
21.67795871500857,63.36125827302115,-37.262948608515636,20.0
21.718558419001056,63.40636280858074,-37.15174797550903,20.0
21.757353057997534,63.45149761077287,-37.040559623844665,20.0
21.79818501500995,63.496661721706104,-36.92938317398375,20.0
21.83753527799854,63.54185421389978,-36.81821825787106,20.0
21.877750169005594,63.587074189313,-36.707064518602884,20.0
21.91751167800976,63.63232077840455,-36.595921610103765,20.0
21.957931636003195,63.67759313922329,-36.48478919681208,20.0
21.997728098009247,63.72289045652821,-36.37366695337292,20.0
22.037826116997167,63.76821194093637,-36.26255456433993,20.0
22.077383776995703,63.81355682809856,-36.15145172388468,20.0
22.117445682000834,63.85892437790142,-36.04035813551429,20.0
22.157497061998583,63.904313873695195,-35.929273511795756,20.0
22.19773092700052,63.94972462154651,-35.818197574088764,20.0
22.237461584008997,63.9951559495148,-35.70713005228542,20.0
22.277618168998742,64.0406072069524,-35.596070684556736,20.0
22.31739053800993,64.08607776382674,-35.48501921710676,20.0
22.357755912002176,64.13156701006459,-35.37397540393312,20.0
22.39748839000822,64.17707435491698,-35.26293900659459,20.0
22.437810393006657,64.22259922634484,-35.15190979398456,20.0
22.47737440900528,64.26814107042424,-35.04088754211155,20.0
22.518058173998725,64.31369935077035,-34.92987203388543,20.0
22.557827329001157,64.35927354798034,-34.81886305891039,20.0
22.597712151997257,64.40486315909367,-34.70786041328268,20.0
22.63777921399742,64.45046769706998,-34.596863899395196,20.0
22.6775593390048,64.49608669028338,-34.48587332574735,20.0
22.719032798006083,64.5417196820332,-34.37488850676001,20.0
22.757609760999912,64.58736623007006,-34.26390926259631,20.0
22.797689024999272,64.63302590613728,-34.15293541898734,20.0
22.837813247999293,64.67869829552683,-34.041966807063325,20.0
22.877542668007663,64.7243829966496,-33.93100326318894,20.0
22.917927372007398,64.77007962061913,-33.82004462880424,20.0
22.95761005699751,64.81578779084877,-33.70909075026998,20.0
22.9974688860093,64.86150714266178,-33.59814147871712,20.0
23.037983158006682,64.90723732291359,-33.48719666990133,20.0
23.077309957006946,64.95297798962628,-33.37625618406135,20.0
23.117448039003648,64.99872881163473,-33.26531988578207,20.0
23.157411050997325,65.0444894682439,-33.15438764386092,20.0
23.197595101009938,65.090259648897,-33.04345933117876,20.0
23.23787592300505,65.13603905285443,-32.932534824574766,20.0
23.277525184996193,65.18182738888288,-32.821614004724374,20.0
23.317683290995774,65.22762437495395,-32.71069675602154,20.0
23.35785059200134,65.27342973795291,-32.59978296646414,20.0
23.397589225001866,65.31924321339629,-32.488872527543194,20.0
23.438118043995928,65.36506454515877,-32.37796533413476,20.0
23.477571705996525,65.41089348520839,-32.26706128439578,20.0
23.517708393002977,65.4567297933506,-32.15616027966259,20.0
23.557566817005863,65.5025732369799,-32.045262224353046,20.0
23.597342455002945,65.54842359083993,-31.93436702587071,20.0
23.638109093008097,65.59428063679088,-31.82347459451275,20.0
23.677660699002445,65.64014416358408,-31.71258484338059,20.0
23.717780082006357,65.68601396664435,-31.601697688292543,20.0
23.75928458799899,65.73188984785865,-31.490813047699934,20.0
23.79760893099592,65.77777161537165,-31.379930842605276,20.0
23.83727632900991,65.82365908338797,-31.269050996483404,20.0
23.877453366003465,65.86955207198032,-31.158173435204287,20.0
23.9174674829992,65.91545040690416,-31.047298086958804,20.0
23.957475611008704,65.96135391941785,-30.936424882186916,20.0
23.997219090000726,66.00726244610861,-30.825553753507158,20.0
24.0374731500051,66.05317582872428,-30.714684635649323,20.0
24.077544465995743,66.09909391400991,-30.603817465388477,20.0
24.117493304001982,66.14501655354985,-30.49295218148167,20.0
24.159629179004696,66.19094360361494,-30.382088724605687,20.0
24.198126251008944,66.23687492501422,-30.27122703729749,20.0
24.238468245006516,66.28281038295148,-30.160367063896405,20.0
24.277463246005937,66.32874984688647,-30.049508750487544,20.0
24.317743111008895,66.37469319040042,-29.938652044847586,20.0
24.358210703008808,66.42064029106575,-29.82779689639185,20.0
24.39741924199916,66.46659103031982,-29.71694325612343,20.0
24.437889054999687,66.51254529334304,-29.60609107658319,20.0
24.477686786005506,66.55850296894056,-29.495240311801982,20.0
24.517324651998933,66.60446394942763,-29.38439091725399,20.0
24.557253887003753,66.65042813051878,-29.273542849811857,20.0
24.59740892800619,66.69639541122052,-29.16269606770258,20.0
24.63792885800649,66.74236569372724,-29.051850530465284,20.0
24.67756129700865,66.78833888332044,-28.941006198910483,20.0
24.717407994001405,66.83431488827152,-28.83016303507984,20.0
24.757528248999733,66.88029361974708,-28.719321002207824,20.0
24.797598324003047,66.92627499171748,-28.608480064684358,20.0
24.83836976600287,66.97225892086837,-28.497640188018842,20.0
24.877556899009505,67.01824532651511,-28.386801338804695,20.0
24.91751348300022,67.0642341305194,-28.275963484685573,20.0
24.957331798999803,67.11022525720902,-28.165126594322707,20.0
24.99764188900008,67.15621863330001,-28.054290637362556,20.0
25.037374884996098,67.2022141878212,-27.94345558440621,20.0
25.080054215010023,67.24821185204121,-27.832621406979296,20.0
25.11770807800349,67.29419455008569,-27.721781020473152,20.0
25.157487300006323,67.3400941635811,-27.610906208012917,20.0
25.197703733007074,67.38583322454397,-27.499965077415784,20.0
25.237520245005726,67.43133412656786,-27.388926072954703,20.0
25.275630450007156,67.46751109384492,-27.300003509355765,20.0
25.315356071005226,67.5123870508593,-27.188710509783,20.0
25.355499209996196,67.55681486701194,-27.07723787494671,20.0
25.39553217199864,67.60077537991754,-26.9655801279675,20.0
25.435174017009558,67.64426779764989,-26.853739219730766,20.0
25.475447988996166,67.68729135709361,-26.741717112590283,20.0
25.515845939007704,67.72984530336008,-26.6295157720789,20.0
25.555404295009794,67.77192888980044,-26.517137166874356,20.0
25.595619630999863,67.8135413780187,-26.404583268764572,20.0
25.635682391002774,67.85468203788467,-26.291856052613383,20.0
25.675645812007133,67.8953501475469,-26.17895749632545,20.0
25.71577895899827,67.93554499344532,-26.065889580811692,20.0
25.755456876999233,67.97526587032364,-25.952654289954914,20.0
25.796546505007427,68.01451208124179,-25.839253610574367,20.0
25.83544594500563,68.0532829375883,-25.725689532391332,20.0
25.87562192999758,68.09157775909205,-25.611964047993958,20.0
25.915361182997003,68.1293958738345,-25.49807915280268,20.0
25.95545522699831,68.16673661826135,-25.38403684503469,20.0
25.995286887002294,68.2035993371943,-25.269839125669225,20.0
26.036073306997423,68.23998338384236,-25.15548799841227,20.0
26.076050835006754,68.27588811981323,-25.04098546966175,20.0
26.116085699002724,68.3113129151247,-24.926333548471817,20.0
26.155324444000144,68.34625714821554,-24.81153424651787,20.0
26.195345724001527,68.38072020595638,-24.696589578061463,20.0
26.23548279699753,68.41470148366052,-24.581501559914496,20.0
26.275744127997314,68.44820038509468,-24.466272211404203,20.0
26.315698848004104,68.48121632248916,-24.350903554337446,20.0
26.355413258002955,68.51374871654835,-24.23539761296568,20.0
26.395539061006275,68.54579699646096,-24.11975641394886,20.0
26.436688720001257,68.57736059990984,-24.003981986320195,20.0
26.475305073996424,68.60843897308193,-23.888076361450754,20.0
26.515888308000285,68.63903157067806,-23.772041573013304,20.0
26.55546761000005,68.66913785592244,-23.65587965694703,20.0
26.59567582499585,68.69875730057204,-23.539592651421604,20.0
26.635642014007317,68.7278893849259,-23.423182596801734,20.0
26.675364360009553,68.7565335978343,-23.306651535610907,20.0
26.715812552996795,68.78468943670771,-23.190001512495783,20.0
26.75520651199622,68.81235640752547,-23.073234574190593,20.0
26.79159218299901,68.83683829767793,-22.968046060507636,20.0
26.832458889999543,68.86357508889098,-22.85106262941148,20.0
26.871555920006358,68.8898216279257,-22.73396823012569,20.0
26.911298434002674,68.91557745426194,-22.616764917181214,20.0
26.95146895099606,68.94084211598953,-22.499454747020252,20.0
26.991567983001005,68.96561516981632,-22.38203977795968,20.0
27.03268211100658,68.98989618107582,-22.26452207015521,20.0
27.071380353008863,69.01368472373503,-22.146903685565146,20.0
27.11128688500321,69.03698038040147,-22.029186687914518,20.0
27.151310055996873,69.05978274233112,-21.911373142658324,20.0
27.19152677099919,69.08209140943518,-21.793465116945647,20.0
27.231734066008357,69.10390599028712,-21.675464679583502,20.0
27.271330265997676,69.12522610212966,-21.557373901000144,20.0
27.311499235001975,69.14605137088144,-21.439194853209013,20.0
27.351754383998923,69.16638143114365,-21.32092960977225,20.0
27.391821159995743,69.18621592620622,-21.202580245764615,20.0
27.43189222100773,69.20555450805442,-21.08414883773658,20.0
27.472073112003272,69.22439683737468,-20.965637463678185,20.0
27.511348408996128,69.24274258356066,-20.847048202982787,20.0
27.552067930009798,69.26059142471902,-20.728383136410073,20.0
27.591635314005543,69.27794304767508,-20.609644346049926,20.0
27.63130840100348,69.29479714797841,-20.490833915285666,20.0
27.67145530700509,69.311153429908,-20.3719539287579,20.0
27.711299604998203,69.32701160647753,-20.25300647232737,20.0
27.753682216003654,69.3423713994404,-20.133993633038756,20.0
27.791881540004397,69.35723253929467,-20.01491749908382,20.0
27.83133211299719,69.3715947652877,-19.895780159765174,20.0
27.871436139001162,69.38545782542074,-19.77658370545906,20.0
27.91161851900688,69.39882147645348,-19.657330227578967,20.0
27.952249609006685,69.41168548390803,-19.538021818539164,20.0
27.991362354005105,69.42404962207338,-19.418660571717464,20.0
28.031369871008792,69.43591367400909,-19.299248581418887,20.0
28.07140697700379,69.44727743154934,-19.179787942838686,20.0
28.11191361800593,69.45814069530621,-19.06028075202595,20.0
28.151569337002,69.46850327467364,-18.940729105846337,20.0
28.191500793996966,69.47836498783042,-18.821135101945483,20.0
28.231352600007085,69.48772566174353,-18.701500838712523,20.0
28.271344084001612,69.49658513217125,-18.581828415242697,20.0
28.31168518900813,69.50494324366582,-18.46211993130089,20.0
28.351734668001882,69.51279984957631,-18.342377487284615,20.0
28.391241282995907,69.52015481205119,-18.22260318418753,20.0
28.431267655003467,69.52700800204077,-18.10279912356199,20.0
28.471410571000888,69.53335929929948,-17.9829674074825,20.0
28.51129116800439,69.53920859238775,-17.86311013850907,20.0
28.55350623599952,69.54455577867427,-17.74322941964978,20.0
28.59204415100976,69.54940076433766,-17.623327354324275,20.0
28.63125781501003,69.55374346436813,-17.503406046326624,20.0
28.672513053999864,69.55758380256887,-17.3834675997888,20.0
28.711519014002988,69.5609217115576,-17.26351411914324,20.0
28.75162518399884,69.56375713276755,-17.14354770908624,20.0
28.79183221500716,69.56609001644861,-17.02357047454087,20.0
28.831490462005604,69.56792032166814,-16.9035845206204,20.0
28.871610713002156,69.5692480163117,-16.783591952590815,20.0
28.911828448995948,69.57007307708366,-16.663594875834146,20.0
28.951611366006546,69.57039548950755,-16.543595395811813,20.0
28.992028742999537,69.57021524792637,-16.423595618027115,20.0
29.032316616008757,69.56953235550262,-16.3035976479887,20.0
29.071471784001915,69.56834682421824,-16.183603591173387,20.0
29.111618032999104,69.56665867487453,-16.06361555298959,20.0
29.15147915900161,69.56446793709166,-15.943635638739876,20.0
29.19191662200319,69.56177464930812,-15.82366595358426,20.0
29.23151666299964,69.55857885878027,-15.703708602503541,20.0
29.271775626999442,69.55488062158118,-15.583765690261837,20.0
29.311409267000272,69.55068000259988,-15.463839321370024,20.0
29.35142628000176,69.54597707554021,-15.34393160004861,20.0
29.39242616199772,69.54077192291939,-15.224044630191182,20.0
29.432473494001897,69.53506463606678,-15.104180515326957,20.0
29.471551777998684,69.528855315122,-14.984341358584151,20.0
29.511735431005945,69.52214406903346,-14.864529262653308,20.0
29.55132935200527,69.51493101555624,-14.744746329749924,20.0
29.591885208996246,69.50721628125018,-14.624994661577878,20.0
29.63172966899583,69.49900000147741,-14.505276359292393,20.0
29.671894148006686,69.49028232040035,-14.385593523463521,20.0
29.71144091899623,69.4810633909789,-14.26594825403876,20.0
29.747578092006734,69.47233792067372,-14.158301365908073,20.0
29.787555311006145,69.46216707229895,-14.038733255616334,20.0
29.827857723998022,69.4514954688881,-13.91920879771727,20.0
29.86769569500757,69.44032329768451,-13.799730089379766,20.0
29.908210541005246,69.42865075471444,-13.680299226969694,20.0
29.947620218998054,69.41647804478357,-13.560918306013452,20.0
29.98754824399657,69.40380538147346,-13.441589421161412,20.0
30.027814900997328,69.39063298713796,-13.322314666150673,20.0
30.067437731995597,69.37696109289902,-13.20309613376866,20.0
30.107711392003694,69.36278993864289,-13.083935915816229,20.0
30.147334199005854,69.34811977301574,-12.964836103071317,20.0
30.187516054007574,69.33295085341936,-12.845798785251732,20.0
